{"version": "1", "message": "ERROR: Hidden Testcases server unreachable.", "problem_id": "ads2_m16_a1_1", "user_id": "Pranav Surampudi", "score": {"sample": {"0": {"execution_time": 0.27127623558044434, "passed": true}, "1": {"execution_time": 0.2837662696838379, "passed": true}, "2": {"execution_time": 0.9694907665252686, "passed": true}, "3": {"execution_time": 0.8697164058685303, "passed": true}, "4": {"execution_time": 0.8677735328674316, "passed": true}, "5": {"execution_time": 0.8410661220550537, "passed": true}, "6": {"execution_time": 0.8640625476837158, "passed": true}, "7": {"execution_time": 0.8989160060882568, "passed": true}, "8": {"execution_time": 0.4458160400390625, "passed": true}, "9": {"execution_time": 1.0010790824890137, "passed": true}, "10": {"execution_time": 0.93267822265625, "passed": true}, "11": {"execution_time": 4.141490936279297, "passed": true}, "12": {"execution_time": 1.008641004562378, "passed": true}, "13": {"execution_time": 0.24837803840637207, "passed": true}, "14": {"execution_time": 0.9609193801879883, "passed": true}, "15": {"execution_time": 0.870713472366333, "passed": true}, "16": {"execution_time": 0.30874156951904297, "passed": true}, "17": {"execution_time": 0.30413007736206055, "passed": true}, "18": {"execution_time": 0.30870819091796875, "passed": true}, "19": {"execution_time": 0.32224035263061523, "passed": true}, "20": {"execution_time": 0.3571169376373291, "passed": true}, "21": {"execution_time": 0.33278346061706543, "passed": true}, "22": {"execution_time": 0.3077659606933594, "passed": true}, "23": {"execution_time": 0.31111836433410645, "passed": true}, "24": {"execution_time": 0.21501755714416504, "passed": true}, "25": {"execution_time": 0.8842527866363525, "passed": true}, "26": {"execution_time": 0.7663478851318359, "passed": true}, "27": {"execution_time": 0.8940465450286865, "passed": true}, "28": {"execution_time": 1.6926624774932861, "passed": true}, "29": {"execution_time": 0.20953106880187988, "passed": true}}}, "check_style_score": "1/1"}