{"version": "1", "message": "ERROR: Hidden Testcases server unreachable.", "problem_id": "ads2_m16_a1_1", "user_id": "Pranav Surampudi", "score": {"sample": {"0": {"execution_time": 0.2462139129638672, "passed": true}, "1": {"execution_time": 0.2813243865966797, "passed": true}, "2": {"execution_time": 0.8349528312683105, "passed": true}, "3": {"execution_time": 0.804008960723877, "passed": true}, "4": {"execution_time": 0.8062362670898438, "passed": true}, "5": {"execution_time": 0.814072847366333, "passed": true}, "6": {"execution_time": 0.8132345676422119, "passed": true}, "7": {"execution_time": 0.8132219314575195, "passed": true}, "8": {"execution_time": 0.2951366901397705, "passed": true}, "9": {"execution_time": 0.8003787994384766, "passed": true}, "10": {"execution_time": 0.8146393299102783, "passed": true}, "11": {"execution_time": 3.538590908050537, "passed": true}, "12": {"execution_time": 0.8023383617401123, "passed": true}, "13": {"execution_time": 0.20863103866577148, "passed": true}, "14": {"execution_time": 0.8098719120025635, "passed": true}, "15": {"execution_time": 0.8069250583648682, "passed": true}, "16": {"execution_time": 0.2854654788970947, "passed": true}, "17": {"execution_time": 0.28730034828186035, "passed": true}, "18": {"execution_time": 0.2967371940612793, "passed": true}, "19": {"execution_time": 0.2999398708343506, "passed": true}, "20": {"execution_time": 0.3192141056060791, "passed": true}, "21": {"execution_time": 0.2966489791870117, "passed": true}, "22": {"execution_time": 0.298081636428833, "passed": true}, "23": {"execution_time": 0.30068325996398926, "passed": true}, "24": {"execution_time": 0.19571709632873535, "passed": true}, "25": {"execution_time": 0.8273220062255859, "passed": true}, "26": {"execution_time": 0.7101333141326904, "passed": true}, "27": {"execution_time": 0.8334245681762695, "passed": true}, "28": {"execution_time": 1.5661420822143555, "passed": true}, "29": {"execution_time": 0.19541311264038086, "passed": true}}}, "check_style_score": "1/1"}