{"version": "1", "message": "ERROR: Hidden Testcases server unreachable.", "problem_id": "ads2_m16_a1_1", "user_id": "Pranav Surampudi", "score": {"sample": {"0": {"execution_time": 0.2428297996520996, "passed": true}, "1": {"execution_time": 0.24748492240905762, "passed": true}, "2": {"execution_time": 0.8846580982208252, "passed": true}, "3": {"execution_time": 0.9538776874542236, "passed": true}, "4": {"execution_time": 0.9199235439300537, "passed": true}, "5": {"execution_time": 0.9217767715454102, "passed": true}, "6": {"execution_time": 0.9654841423034668, "passed": true}, "7": {"execution_time": 0.9837648868560791, "passed": true}, "8": {"execution_time": 0.3513765335083008, "passed": true}, "9": {"execution_time": 0.9592561721801758, "passed": true}, "10": {"execution_time": 0.952507495880127, "passed": true}, "11": {"execution_time": 3.991882562637329, "passed": true}, "12": {"execution_time": 0.9011087417602539, "passed": true}, "13": {"execution_time": 0.22583413124084473, "passed": true}, "14": {"execution_time": 0.8961350917816162, "passed": true}, "15": {"execution_time": 0.8819520473480225, "passed": true}, "16": {"execution_time": 0.32110095024108887, "passed": true}, "17": {"execution_time": 0.3189208507537842, "passed": true}, "18": {"execution_time": 0.3171963691711426, "passed": true}, "19": {"execution_time": 0.32588672637939453, "passed": true}, "20": {"execution_time": 0.34334397315979004, "passed": true}, "21": {"execution_time": 0.3127586841583252, "passed": true}, "22": {"execution_time": 0.31783294677734375, "passed": true}, "23": {"execution_time": 0.3085463047027588, "passed": true}, "24": {"execution_time": 0.21432828903198242, "passed": true}, "25": {"execution_time": 0.921903133392334, "passed": true}, "26": {"execution_time": 0.7898261547088623, "passed": true}, "27": {"execution_time": 0.9216241836547852, "passed": true}, "28": {"execution_time": 1.7054195404052734, "passed": true}, "29": {"execution_time": 0.22408270835876465, "passed": true}}}, "check_style_score": "1/1"}