{"version": "1", "message": "ERROR: Hidden Testcases server unreachable.", "problem_id": "ads2_m16_a1_1", "user_id": "Pranav Surampudi", "score": {"sample": {"0": {"execution_time": 0.23168039321899414, "passed": true}, "1": {"execution_time": 0.24588513374328613, "passed": true}, "2": {"execution_time": 0.8938755989074707, "passed": true}, "3": {"execution_time": 0.8829307556152344, "passed": true}, "4": {"execution_time": 0.8921551704406738, "passed": true}, "5": {"execution_time": 0.8635265827178955, "passed": true}, "6": {"execution_time": 0.961388111114502, "passed": true}, "7": {"execution_time": 0.9380273818969727, "passed": true}, "8": {"execution_time": 0.32915782928466797, "passed": true}, "9": {"execution_time": 0.9893672466278076, "passed": true}, "10": {"execution_time": 0.9068005084991455, "passed": true}, "11": {"execution_time": 4.159184217453003, "passed": true}, "12": {"execution_time": 0.8531360626220703, "passed": true}, "13": {"execution_time": 0.21848607063293457, "passed": true}, "14": {"execution_time": 0.8429081439971924, "passed": true}, "15": {"execution_time": 0.824793815612793, "passed": true}, "16": {"execution_time": 0.3171525001525879, "passed": true}, "17": {"execution_time": 0.33811211585998535, "passed": true}, "18": {"execution_time": 0.3590707778930664, "passed": true}, "19": {"execution_time": 0.34403109550476074, "passed": true}, "20": {"execution_time": 0.32630348205566406, "passed": true}, "21": {"execution_time": 0.288637638092041, "passed": true}, "22": {"execution_time": 0.30724191665649414, "passed": true}, "23": {"execution_time": 0.3442378044128418, "passed": true}, "24": {"execution_time": 0.20382428169250488, "passed": true}, "25": {"execution_time": 0.9596614837646484, "passed": true}, "26": {"execution_time": 0.7659425735473633, "passed": true}, "27": {"execution_time": 0.9776928424835205, "passed": true}, "28": {"execution_time": 1.7493815422058105, "passed": true}, "29": {"execution_time": 0.21909737586975098, "passed": true}}}, "check_style_score": "0/1"}