{"version": "1", "message": "ERROR: Hidden Testcases server unreachable.", "problem_id": "ads2_m16_a1_1", "user_id": "Pranav Surampudi", "score": {"sample": {"0": {"execution_time": 0.24534320831298828, "passed": true}, "1": {"execution_time": 0.2397317886352539, "passed": true}, "2": {"execution_time": 0.8506605625152588, "passed": true}, "3": {"execution_time": 0.8582680225372314, "passed": true}, "4": {"execution_time": 0.8521616458892822, "passed": true}, "5": {"execution_time": 0.8669393062591553, "passed": true}, "6": {"execution_time": 0.8760333061218262, "passed": true}, "7": {"execution_time": 0.8738787174224854, "passed": true}, "8": {"execution_time": 0.3074157238006592, "passed": true}, "9": {"execution_time": 0.860328197479248, "passed": true}, "10": {"execution_time": 0.8610649108886719, "passed": true}, "11": {"execution_time": 4.189451217651367, "passed": true}, "12": {"execution_time": 0.8518121242523193, "passed": true}, "13": {"execution_time": 0.26329612731933594, "passed": true}, "14": {"execution_time": 1.0247740745544434, "passed": true}, "15": {"execution_time": 0.9009160995483398, "passed": true}, "16": {"execution_time": 0.35405611991882324, "passed": true}, "17": {"execution_time": 0.32222962379455566, "passed": true}, "18": {"execution_time": 0.4117298126220703, "passed": true}, "19": {"execution_time": 0.32774806022644043, "passed": true}, "20": {"execution_time": 0.3461437225341797, "passed": true}, "21": {"execution_time": 0.30518364906311035, "passed": true}, "22": {"execution_time": 0.30092477798461914, "passed": true}, "23": {"execution_time": 0.3169269561767578, "passed": true}, "24": {"execution_time": 0.20832157135009766, "passed": true}, "25": {"execution_time": 0.9361746311187744, "passed": true}, "26": {"execution_time": 0.859626054763794, "passed": true}, "27": {"execution_time": 0.9206440448760986, "passed": true}, "28": {"execution_time": 1.7024574279785156, "passed": true}, "29": {"execution_time": 0.21243047714233398, "passed": true}}}, "check_style_score": "1/1"}