{"version": "1", "message": "ERROR: Hidden Testcases server unreachable.", "problem_id": "ads2_m16_a1_1", "user_id": "Pranav Surampudi", "score": {"sample": {"0": {"execution_time": 0.38147974014282227, "passed": true}, "1": {"execution_time": 0.2543191909790039, "passed": true}, "2": {"execution_time": 1.0093019008636475, "passed": true}, "3": {"execution_time": 0.9265310764312744, "passed": true}, "4": {"execution_time": 0.8656942844390869, "passed": true}, "5": {"execution_time": 0.8985960483551025, "passed": true}, "6": {"execution_time": 0.8796472549438477, "passed": true}, "7": {"execution_time": 0.8956046104431152, "passed": true}, "8": {"execution_time": 0.3759942054748535, "passed": true}, "9": {"execution_time": 0.9115612506866455, "passed": true}, "10": {"execution_time": 0.9634261131286621, "passed": true}, "11": {"execution_time": 4.205674171447754, "passed": true}, "12": {"execution_time": 0.8716697692871094, "passed": true}, "13": {"execution_time": 0.24843573570251465, "passed": true}, "14": {"execution_time": 0.878650426864624, "passed": true}, "15": {"execution_time": 0.8806445598602295, "passed": true}, "16": {"execution_time": 0.43395233154296875, "passed": true}, "17": {"execution_time": 0.30817627906799316, "passed": true}, "18": {"execution_time": 0.3061809539794922, "passed": true}, "19": {"execution_time": 0.31316280364990234, "passed": true}, "20": {"execution_time": 0.33510470390319824, "passed": true}, "21": {"execution_time": 0.29919910430908203, "passed": true}, "22": {"execution_time": 0.30817461013793945, "passed": true}, "23": {"execution_time": 0.3091750144958496, "passed": true}, "24": {"execution_time": 0.2124314308166504, "passed": true}, "25": {"execution_time": 0.9255237579345703, "passed": true}, "26": {"execution_time": 0.9704046249389648, "passed": true}, "27": {"execution_time": 1.0048892498016357, "passed": true}, "28": {"execution_time": 1.806290864944458, "passed": true}, "29": {"execution_time": 0.21648955345153809, "passed": true}}}, "check_style_score": "0/1"}