{"version": "1", "message": "ERROR: Hidden Testcases server unreachable.", "problem_id": "ads2_m16_a1_1", "user_id": "Pranav Surampudi", "score": {"sample": {"0": {"execution_time": 0.2762634754180908, "passed": true}, "1": {"execution_time": 0.2720983028411865, "passed": true}, "2": {"execution_time": 0.9474694728851318, "passed": true}, "3": {"execution_time": 0.8733773231506348, "passed": true}, "4": {"execution_time": 0.89980149269104, "passed": true}, "5": {"execution_time": 0.873469352722168, "passed": true}, "6": {"execution_time": 0.884207010269165, "passed": true}, "7": {"execution_time": 0.9621596336364746, "passed": true}, "8": {"execution_time": 0.32491087913513184, "passed": true}, "9": {"execution_time": 0.9447677135467529, "passed": true}, "10": {"execution_time": 0.945563793182373, "passed": true}, "11": {"execution_time": 3.975942850112915, "passed": true}, "12": {"execution_time": 0.9551434516906738, "passed": true}, "13": {"execution_time": 0.25698423385620117, "passed": true}, "14": {"execution_time": 0.9270648956298828, "passed": true}, "15": {"execution_time": 0.8757138252258301, "passed": true}, "16": {"execution_time": 0.31497645378112793, "passed": true}, "17": {"execution_time": 0.308361291885376, "passed": true}, "18": {"execution_time": 0.3177173137664795, "passed": true}, "19": {"execution_time": 0.3273003101348877, "passed": true}, "20": {"execution_time": 0.3385331630706787, "passed": true}, "21": {"execution_time": 0.3047292232513428, "passed": true}, "22": {"execution_time": 0.33501625061035156, "passed": true}, "23": {"execution_time": 0.3088560104370117, "passed": true}, "24": {"execution_time": 0.21186041831970215, "passed": true}, "25": {"execution_time": 0.9036097526550293, "passed": true}, "26": {"execution_time": 0.7712974548339844, "passed": true}, "27": {"execution_time": 0.9182765483856201, "passed": true}, "28": {"execution_time": 1.728548288345337, "passed": true}, "29": {"execution_time": 0.2116408348083496, "passed": true}}}, "check_style_score": "1/1"}