{"version": "1", "message": "ERROR: Hidden Testcases server unreachable.", "problem_id": "ads2_m16_a1_1", "user_id": "Pranav Surampudi", "score": {"sample": {"0": {"execution_time": 0.23536992073059082, "passed": true}, "1": {"execution_time": 0.23249506950378418, "passed": true}, "2": {"execution_time": 0.8533618450164795, "passed": true}, "3": {"execution_time": 0.9121365547180176, "passed": true}, "4": {"execution_time": 0.8775808811187744, "passed": true}, "5": {"execution_time": 0.8447713851928711, "passed": true}, "6": {"execution_time": 0.8649044036865234, "passed": true}, "7": {"execution_time": 0.8256700038909912, "passed": true}, "8": {"execution_time": 0.2908482551574707, "passed": true}, "9": {"execution_time": 0.8179450035095215, "passed": true}, "10": {"execution_time": 0.8083558082580566, "passed": true}, "11": {"execution_time": 3.64155912399292, "passed": true}, "12": {"execution_time": 0.8134450912475586, "passed": true}, "13": {"execution_time": 0.21311259269714355, "passed": true}, "14": {"execution_time": 0.8041772842407227, "passed": true}, "15": {"execution_time": 0.8149278163909912, "passed": true}, "16": {"execution_time": 0.2832183837890625, "passed": true}, "17": {"execution_time": 0.2847275733947754, "passed": true}, "18": {"execution_time": 0.2883260250091553, "passed": true}, "19": {"execution_time": 0.298443078994751, "passed": true}, "20": {"execution_time": 0.31099891662597656, "passed": true}, "21": {"execution_time": 0.28011035919189453, "passed": true}, "22": {"execution_time": 0.29436182975769043, "passed": true}, "23": {"execution_time": 0.2935314178466797, "passed": true}, "24": {"execution_time": 0.20460033416748047, "passed": true}, "25": {"execution_time": 0.8302748203277588, "passed": true}, "26": {"execution_time": 1.3534817695617676, "passed": true}, "27": {"execution_time": 1.0651633739471436, "passed": true}, "28": {"execution_time": 1.8731296062469482, "passed": true}, "29": {"execution_time": 0.22160911560058594, "passed": true}}}, "check_style_score": "1/1"}