{"version": "1", "message": "ERROR: Hidden Testcases server unreachable.", "problem_id": "ads2_m16_a1_1", "user_id": "Pranav Surampudi", "score": {"sample": {"0": {"execution_time": 0.25531721115112305, "passed": true}, "1": {"execution_time": 0.24792242050170898, "passed": true}, "2": {"execution_time": 0.8846335411071777, "passed": true}, "3": {"execution_time": 0.8866288661956787, "passed": true}, "4": {"execution_time": 0.890617847442627, "passed": true}, "5": {"execution_time": 0.8800830841064453, "passed": true}, "6": {"execution_time": 0.873664379119873, "passed": true}, "7": {"execution_time": 0.8916420936584473, "passed": true}, "8": {"execution_time": 0.32234787940979004, "passed": true}, "9": {"execution_time": 0.8846352100372314, "passed": true}, "10": {"execution_time": 0.8996362686157227, "passed": true}, "11": {"execution_time": 3.9624087810516357, "passed": true}, "12": {"execution_time": 0.903583288192749, "passed": true}, "13": {"execution_time": 0.22942352294921875, "passed": true}, "14": {"execution_time": 0.8616952896118164, "passed": true}, "15": {"execution_time": 0.8756599426269531, "passed": true}, "16": {"execution_time": 0.3101694583892822, "passed": true}, "17": {"execution_time": 0.3218834400177002, "passed": true}, "18": {"execution_time": 0.3390939235687256, "passed": true}, "19": {"execution_time": 0.3420844078063965, "passed": true}, "20": {"execution_time": 0.35704541206359863, "passed": true}, "21": {"execution_time": 0.3151974678039551, "passed": true}, "22": {"execution_time": 0.3273751735687256, "passed": true}, "23": {"execution_time": 0.33510398864746094, "passed": true}, "24": {"execution_time": 0.22439932823181152, "passed": true}, "25": {"execution_time": 0.9576504230499268, "passed": true}, "26": {"execution_time": 0.8220765590667725, "passed": true}, "27": {"execution_time": 1.0182814598083496, "passed": true}, "28": {"execution_time": 1.7792408466339111, "passed": true}, "29": {"execution_time": 0.2254326343536377, "passed": true}}}, "check_style_score": "1/1"}