{"version": "1", "message": "ERROR: Hidden Testcases server unreachable.", "problem_id": "ads2_m4_a1_1", "user_id": "Pranav Surampudi", "score": {"sample": {"0": {"execution_time": 0.2334456443786621, "passed": true}, "1": {"execution_time": 0.23189568519592285, "passed": true}, "2": {"execution_time": 0.24805045127868652, "passed": true}, "3": {"execution_time": 0.255382776260376, "passed": true}, "4": {"execution_time": 0.21899676322937012, "passed": true}, "5": {"execution_time": 0.21280980110168457, "passed": true}, "6": {"execution_time": 0.2055044174194336, "passed": true}, "7": {"execution_time": 0.2178349494934082, "passed": true}, "8": {"execution_time": 0.2221064567565918, "passed": true}, "9": {"execution_time": 0.19155454635620117, "passed": true}, "10": {"execution_time": 0.19293999671936035, "passed": true}, "11": {"execution_time": 0.19690680503845215, "passed": true}, "12": {"execution_time": 0.233428955078125, "passed": true}, "13": {"execution_time": 0.9863944053649902, "passed": true}, "14": {"execution_time": 0.1889333724975586, "passed": true}}}, "check_style_score": "0/1"}