{"version": "1", "message": "ERROR: Hidden Testcases server unreachable.", "problem_id": "ads2_m4_a1_1", "user_id": "Pranav Surampudi", "score": {"sample": {"0": {"execution_time": 0.2283639907836914, "passed": true}, "1": {"execution_time": 0.21532917022705078, "passed": true}, "2": {"execution_time": 0.24621987342834473, "passed": true}, "3": {"execution_time": 0.26389265060424805, "passed": true}, "4": {"execution_time": 0.21785330772399902, "passed": true}, "5": {"execution_time": 0.21737360954284668, "passed": true}, "6": {"execution_time": 0.20595097541809082, "passed": true}, "7": {"execution_time": 0.204636812210083, "passed": true}, "8": {"execution_time": 0.22135233879089355, "passed": true}, "9": {"execution_time": 0.1946418285369873, "passed": true}, "10": {"execution_time": 0.19331812858581543, "passed": true}, "11": {"execution_time": 0.18914508819580078, "passed": true}, "12": {"execution_time": 0.18978118896484375, "passed": true}, "13": {"execution_time": 0.964439868927002, "passed": true}, "14": {"execution_time": 0.1888730525970459, "passed": true}}}, "check_style_score": "0/1"}