{"version": "1", "message": "ERROR: Hidden Testcases server unreachable.", "problem_id": "ads2_m4_a1_1", "user_id": "Pranav Surampudi", "score": {"sample": {"0": {"execution_time": 0.2358088493347168, "passed": true}, "1": {"execution_time": 0.2295973300933838, "passed": true}, "2": {"execution_time": 0.24936914443969727, "passed": true}, "3": {"execution_time": 0.26958656311035156, "passed": true}, "4": {"execution_time": 0.2016909122467041, "passed": true}, "5": {"execution_time": 0.22147679328918457, "passed": true}, "6": {"execution_time": 0.20658111572265625, "passed": true}, "7": {"execution_time": 0.21151089668273926, "passed": true}, "8": {"execution_time": 0.22499489784240723, "passed": true}, "9": {"execution_time": 0.18983173370361328, "passed": true}, "10": {"execution_time": 0.19191455841064453, "passed": true}, "11": {"execution_time": 0.19259333610534668, "passed": true}, "12": {"execution_time": 0.18985342979431152, "passed": true}, "13": {"execution_time": 0.9797937870025635, "passed": true}, "14": {"execution_time": 0.18885517120361328, "passed": true}}}, "check_style_score": "0/1"}