{"version": "1", "message": "ERROR: Hidden Testcases server unreachable.", "problem_id": "ads2_m4_a1_1", "user_id": "Pranav Surampudi", "score": {"sample": {"0": {"execution_time": 0.29229283332824707, "passed": true}, "1": {"execution_time": 0.3164832592010498, "passed": true}, "2": {"execution_time": 0.3715651035308838, "passed": true}, "3": {"execution_time": 0.40960073471069336, "passed": true}, "4": {"execution_time": 0.2157585620880127, "passed": true}, "5": {"execution_time": 0.22686052322387695, "passed": true}, "6": {"execution_time": 0.2124767303466797, "passed": true}, "7": {"execution_time": 0.22680139541625977, "passed": true}, "8": {"execution_time": 0.22617101669311523, "passed": true}, "9": {"execution_time": 0.19580912590026855, "passed": true}, "10": {"execution_time": 0.19524145126342773, "passed": true}, "11": {"execution_time": 0.19535136222839355, "passed": true}, "12": {"execution_time": 0.19045448303222656, "passed": true}, "13": {"execution_time": 1.244218111038208, "passed": true}, "14": {"execution_time": 0.19398212432861328, "passed": true}}}, "check_style_score": "0/1"}