{"version": "1", "message": "ERROR: Hidden Testcases server unreachable.", "problem_id": "ads2_m4_a1_1", "user_id": "Pranav Surampudi", "score": {"sample": {"0": {"execution_time": 0.30093932151794434, "passed": true}, "1": {"execution_time": 0.22614026069641113, "passed": true}, "2": {"execution_time": 0.28074073791503906, "passed": true}, "3": {"execution_time": 0.28307175636291504, "passed": true}, "4": {"execution_time": 0.24097013473510742, "passed": true}, "5": {"execution_time": 0.21930718421936035, "passed": true}, "6": {"execution_time": 0.217301607131958, "passed": true}, "7": {"execution_time": 0.20937609672546387, "passed": true}, "8": {"execution_time": 0.22910213470458984, "passed": true}, "9": {"execution_time": 0.18929338455200195, "passed": true}, "10": {"execution_time": 0.20005297660827637, "passed": true}, "11": {"execution_time": 0.18537139892578125, "passed": true}, "12": {"execution_time": 0.19397449493408203, "passed": true}, "13": {"execution_time": 1.2360506057739258, "passed": true}, "14": {"execution_time": 0.19901585578918457, "passed": true}}}, "check_style_score": "0/1"}