{"version": "1", "message": "ERROR: Hidden Testcases server unreachable.", "problem_id": "ads2_m2_a1_1", "user_id": "Pranav Surampudi", "score": {"sample": {"0": {"execution_time": 0.1438302993774414, "passed": false}, "1": {"execution_time": 0.14484095573425293, "passed": false}, "2": {"execution_time": 0.14420747756958008, "passed": false}, "3": {"execution_time": 0.14459681510925293, "passed": false}, "4": {"execution_time": 0.14670896530151367, "passed": false}, "5": {"execution_time": 0.1456615924835205, "passed": false}, "6": {"execution_time": 0.14870548248291016, "passed": false}, "7": {"execution_time": 0.14481520652770996, "passed": false}, "8": {"execution_time": 0.14795303344726562, "passed": false}, "9": {"execution_time": 0.14279866218566895, "passed": false}, "10": {"execution_time": 0.1431293487548828, "passed": false}, "11": {"execution_time": 0.14360332489013672, "passed": false}, "12": {"execution_time": 0.1434319019317627, "passed": false}, "13": {"execution_time": 0.15764427185058594, "passed": false}, "14": {"execution_time": 0.14273810386657715, "passed": false}, "15": {"execution_time": 0.1445472240447998, "passed": false}, "16": {"execution_time": 0.14627456665039062, "passed": false}, "17": {"execution_time": 0.14179253578186035, "passed": false}, "18": {"execution_time": 0.15040040016174316, "passed": false}, "19": {"execution_time": 0.1475841999053955, "passed": false}, "20": {"execution_time": 0.15630650520324707, "passed": false}, "21": {"execution_time": 0.14254069328308105, "passed": false}, "22": {"execution_time": 0.15848374366760254, "passed": false}, "23": {"execution_time": 0.14566946029663086, "passed": false}}}, "check_style_score": "0/1"}