{"version": "1", "message": "ERROR: Hidden Testcases server unreachable.", "problem_id": "ads2_m2_a1_1", "user_id": "Pranav Surampudi", "score": {"sample": {"0": {"execution_time": 0.11150527000427246, "passed": false}, "1": {"execution_time": 0.10881352424621582, "passed": false}, "2": {"execution_time": 0.10650444030761719, "passed": true}, "3": {"execution_time": 0.10847640037536621, "passed": false}, "4": {"execution_time": 0.10913228988647461, "passed": true}, "5": {"execution_time": 0.10995888710021973, "passed": false}, "6": {"execution_time": 0.10689020156860352, "passed": true}, "7": {"execution_time": 0.10814046859741211, "passed": true}, "8": {"execution_time": 0.10688591003417969, "passed": true}, "9": {"execution_time": 0.10939550399780273, "passed": true}, "10": {"execution_time": 0.10871076583862305, "passed": true}, "11": {"execution_time": 0.11937594413757324, "passed": true}, "12": {"execution_time": 0.1068105697631836, "passed": true}, "13": {"execution_time": 0.10617733001708984, "passed": false}, "14": {"execution_time": 0.10774064064025879, "passed": true}, "15": {"execution_time": 0.10825872421264648, "passed": false}, "16": {"execution_time": 0.11760115623474121, "passed": true}, "17": {"execution_time": 0.10730099678039551, "passed": true}, "18": {"execution_time": 0.10820364952087402, "passed": true}, "19": {"execution_time": 0.10682129859924316, "passed": true}, "20": {"execution_time": 0.10945367813110352, "passed": true}, "21": {"execution_time": 0.11357665061950684, "passed": true}, "22": {"execution_time": 0.10778689384460449, "passed": true}, "23": {"execution_time": 0.10969901084899902, "passed": true}}}, "check_style_score": "0/1"}