{"version": "1", "message": "ERROR: Hidden Testcases server unreachable.", "problem_id": "ads2_m2_a1_1", "user_id": "Pranav Surampudi", "score": {"sample": {"0": {"execution_time": 0.15857577323913574, "passed": true}, "1": {"execution_time": 0.14954710006713867, "passed": true}, "2": {"execution_time": 0.14968085289001465, "passed": true}, "3": {"execution_time": 0.14463400840759277, "passed": true}, "4": {"execution_time": 0.14532852172851562, "passed": true}, "5": {"execution_time": 0.14705896377563477, "passed": true}, "6": {"execution_time": 0.14314866065979004, "passed": true}, "7": {"execution_time": 0.14423727989196777, "passed": true}, "8": {"execution_time": 0.14511942863464355, "passed": true}, "9": {"execution_time": 0.14577865600585938, "passed": true}, "10": {"execution_time": 0.14487552642822266, "passed": true}, "11": {"execution_time": 0.1484966278076172, "passed": true}, "12": {"execution_time": 0.15140461921691895, "passed": true}, "13": {"execution_time": 0.14795565605163574, "passed": true}, "14": {"execution_time": 0.14256715774536133, "passed": true}, "15": {"execution_time": 0.15835189819335938, "passed": true}, "16": {"execution_time": 0.16353940963745117, "passed": true}, "17": {"execution_time": 0.18098974227905273, "passed": true}, "18": {"execution_time": 0.16900634765625, "passed": true}, "19": {"execution_time": 0.18288159370422363, "passed": true}, "20": {"execution_time": 0.18586206436157227, "passed": true}, "21": {"execution_time": 0.14875483512878418, "passed": true}, "22": {"execution_time": 0.20228266716003418, "passed": true}, "23": {"execution_time": 0.1975111961364746, "passed": true}}}, "check_style_score": "0/1"}