{"version": "1", "message": "ERROR: Hidden Testcases server unreachable.", "problem_id": "ads2_m2_a1_1", "user_id": "Pranav Surampudi", "score": {"sample": {"0": {"execution_time": 0.1675727367401123, "passed": true}, "1": {"execution_time": 0.14751029014587402, "passed": true}, "2": {"execution_time": 0.1584606170654297, "passed": true}, "3": {"execution_time": 0.15197277069091797, "passed": true}, "4": {"execution_time": 0.14734983444213867, "passed": true}, "5": {"execution_time": 0.1528615951538086, "passed": true}, "6": {"execution_time": 0.1455392837524414, "passed": true}, "7": {"execution_time": 0.1461193561553955, "passed": true}, "8": {"execution_time": 0.15833353996276855, "passed": true}, "9": {"execution_time": 0.14659595489501953, "passed": true}, "10": {"execution_time": 0.14414477348327637, "passed": true}, "11": {"execution_time": 0.16159725189208984, "passed": true}, "12": {"execution_time": 0.1461629867553711, "passed": true}, "13": {"execution_time": 0.14520812034606934, "passed": true}, "14": {"execution_time": 0.15655088424682617, "passed": true}, "15": {"execution_time": 0.15744757652282715, "passed": true}, "16": {"execution_time": 0.15894103050231934, "passed": true}, "17": {"execution_time": 0.18513083457946777, "passed": true}, "18": {"execution_time": 0.17206978797912598, "passed": true}, "19": {"execution_time": 0.1941215991973877, "passed": true}, "20": {"execution_time": 0.17886066436767578, "passed": true}, "21": {"execution_time": 0.14480233192443848, "passed": true}, "22": {"execution_time": 0.20317602157592773, "passed": true}, "23": {"execution_time": 0.19231843948364258, "passed": true}}}, "check_style_score": "0/1"}