{"version": "1", "message": "ERROR: Hidden Testcases server unreachable.", "problem_id": "ads2_m2_a1_1", "user_id": "Pranav Surampudi", "score": {"sample": {"0": {"execution_time": 0.15955853462219238, "passed": true}, "1": {"execution_time": 0.1544952392578125, "passed": true}, "2": {"execution_time": 0.15352487564086914, "passed": true}, "3": {"execution_time": 0.14265894889831543, "passed": true}, "4": {"execution_time": 0.14298367500305176, "passed": true}, "5": {"execution_time": 0.14892101287841797, "passed": true}, "6": {"execution_time": 0.14268922805786133, "passed": true}, "7": {"execution_time": 0.1432943344116211, "passed": true}, "8": {"execution_time": 0.15676212310791016, "passed": true}, "9": {"execution_time": 0.14379215240478516, "passed": true}, "10": {"execution_time": 0.16325879096984863, "passed": true}, "11": {"execution_time": 0.14914345741271973, "passed": true}, "12": {"execution_time": 0.1504518985748291, "passed": true}, "13": {"execution_time": 0.14545345306396484, "passed": true}, "14": {"execution_time": 0.15451669692993164, "passed": true}, "15": {"execution_time": 0.15913701057434082, "passed": true}, "16": {"execution_time": 0.1620631217956543, "passed": true}, "17": {"execution_time": 0.1865067481994629, "passed": true}, "18": {"execution_time": 0.16981244087219238, "passed": true}, "19": {"execution_time": 0.17946815490722656, "passed": true}, "20": {"execution_time": 0.1930384635925293, "passed": true}, "21": {"execution_time": 0.1710953712463379, "passed": true}, "22": {"execution_time": 0.20440459251403809, "passed": true}, "23": {"execution_time": 0.19656038284301758, "passed": true}}}, "check_style_score": "0/1"}