{"version": "1", "message": "ERROR: Hidden Testcases server unreachable.", "problem_id": "ads2_m2_a1_1", "user_id": "Pranav Surampudi", "score": {"sample": {"0": {"execution_time": 0.15342164039611816, "passed": true}, "1": {"execution_time": 0.14379119873046875, "passed": true}, "2": {"execution_time": 0.14652585983276367, "passed": true}, "3": {"execution_time": 0.14266395568847656, "passed": true}, "4": {"execution_time": 0.14448046684265137, "passed": true}, "5": {"execution_time": 0.1428534984588623, "passed": true}, "6": {"execution_time": 0.1462233066558838, "passed": true}, "7": {"execution_time": 0.1409313678741455, "passed": true}, "8": {"execution_time": 0.14541172981262207, "passed": true}, "9": {"execution_time": 0.14690041542053223, "passed": true}, "10": {"execution_time": 0.142073392868042, "passed": true}, "11": {"execution_time": 0.14441728591918945, "passed": true}, "12": {"execution_time": 0.14163494110107422, "passed": true}, "13": {"execution_time": 0.14566469192504883, "passed": true}, "14": {"execution_time": 0.1486220359802246, "passed": true}, "15": {"execution_time": 0.158707857131958, "passed": true}, "16": {"execution_time": 0.1602013111114502, "passed": true}, "17": {"execution_time": 0.17806220054626465, "passed": true}, "18": {"execution_time": 0.1939692497253418, "passed": true}, "19": {"execution_time": 0.17499446868896484, "passed": true}, "20": {"execution_time": 0.1741807460784912, "passed": true}, "21": {"execution_time": 0.14272189140319824, "passed": true}, "22": {"execution_time": 0.19874358177185059, "passed": true}, "23": {"execution_time": 0.19409704208374023, "passed": true}}}, "check_style_score": "0/1"}