{"version": "1", "message": "ERROR: Hidden Testcases server unreachable.", "problem_id": "ads2_m2_a1_1", "user_id": "Pranav Surampudi", "score": {"sample": {"0": {"execution_time": 0.10786843299865723, "passed": true}, "1": {"execution_time": 0.10671281814575195, "passed": true}, "2": {"execution_time": 0.11357975006103516, "passed": false}, "3": {"execution_time": 0.10848879814147949, "passed": true}, "4": {"execution_time": 0.11020636558532715, "passed": false}, "5": {"execution_time": 0.10802721977233887, "passed": true}, "6": {"execution_time": 0.10692000389099121, "passed": false}, "7": {"execution_time": 0.10610246658325195, "passed": false}, "8": {"execution_time": 0.10706281661987305, "passed": false}, "9": {"execution_time": 0.10924315452575684, "passed": false}, "10": {"execution_time": 0.10662841796875, "passed": false}, "11": {"execution_time": 0.10628890991210938, "passed": false}, "12": {"execution_time": 0.10805010795593262, "passed": false}, "13": {"execution_time": 0.11117196083068848, "passed": true}, "14": {"execution_time": 0.11452746391296387, "passed": false}, "15": {"execution_time": 0.10803031921386719, "passed": true}, "16": {"execution_time": 0.11042284965515137, "passed": false}, "17": {"execution_time": 0.10680270195007324, "passed": false}, "18": {"execution_time": 0.11078023910522461, "passed": false}, "19": {"execution_time": 0.10673332214355469, "passed": false}, "20": {"execution_time": 0.10946846008300781, "passed": false}, "21": {"execution_time": 0.11269855499267578, "passed": false}, "22": {"execution_time": 0.10718917846679688, "passed": false}, "23": {"execution_time": 0.11070394515991211, "passed": false}}}, "check_style_score": "0/1"}