{"version": "1", "message": "ERROR: Hidden Testcases server unreachable.", "problem_id": "ads2_m2_a1_1", "user_id": "Pranav Surampudi", "score": {"sample": {"0": {"execution_time": 0.15024924278259277, "passed": false}, "1": {"execution_time": 0.14568352699279785, "passed": false}, "2": {"execution_time": 0.1474442481994629, "passed": false}, "3": {"execution_time": 0.14950346946716309, "passed": false}, "4": {"execution_time": 0.1425342559814453, "passed": false}, "5": {"execution_time": 0.14725446701049805, "passed": false}, "6": {"execution_time": 0.14337587356567383, "passed": false}, "7": {"execution_time": 0.1483767032623291, "passed": false}, "8": {"execution_time": 0.14601540565490723, "passed": false}, "9": {"execution_time": 0.14470720291137695, "passed": false}, "10": {"execution_time": 0.15469717979431152, "passed": false}, "11": {"execution_time": 0.15877079963684082, "passed": false}, "12": {"execution_time": 0.14217925071716309, "passed": false}, "13": {"execution_time": 0.1431729793548584, "passed": false}, "14": {"execution_time": 0.1472792625427246, "passed": false}, "15": {"execution_time": 0.1429460048675537, "passed": false}, "16": {"execution_time": 0.1442568302154541, "passed": false}, "17": {"execution_time": 0.14373469352722168, "passed": false}, "18": {"execution_time": 0.14302325248718262, "passed": false}, "19": {"execution_time": 0.1470935344696045, "passed": false}, "20": {"execution_time": 0.1473846435546875, "passed": false}, "21": {"execution_time": 0.14405179023742676, "passed": false}, "22": {"execution_time": 0.15939044952392578, "passed": false}, "23": {"execution_time": 0.14781570434570312, "passed": false}}}, "check_style_score": "0/1"}