{"version": "1", "message": "ERROR: Hidden Testcases server unreachable.", "problem_id": "ads2_m2_a1_1", "user_id": "Pranav Surampudi", "score": {"sample": {"0": {"execution_time": 0.11211514472961426, "passed": false}, "1": {"execution_time": 0.10923242568969727, "passed": false}, "2": {"execution_time": 0.10795044898986816, "passed": true}, "3": {"execution_time": 0.1094810962677002, "passed": false}, "4": {"execution_time": 0.10702705383300781, "passed": true}, "5": {"execution_time": 0.10942363739013672, "passed": false}, "6": {"execution_time": 0.10874080657958984, "passed": true}, "7": {"execution_time": 0.1461639404296875, "passed": true}, "8": {"execution_time": 0.10770058631896973, "passed": true}, "9": {"execution_time": 0.1094059944152832, "passed": true}, "10": {"execution_time": 0.10882234573364258, "passed": true}, "11": {"execution_time": 0.10640430450439453, "passed": true}, "12": {"execution_time": 0.10956859588623047, "passed": true}, "13": {"execution_time": 0.1092836856842041, "passed": false}, "14": {"execution_time": 0.10555458068847656, "passed": true}, "15": {"execution_time": 0.11648201942443848, "passed": false}, "16": {"execution_time": 0.1039724349975586, "passed": true}, "17": {"execution_time": 0.11632585525512695, "passed": true}, "18": {"execution_time": 0.10522651672363281, "passed": true}, "19": {"execution_time": 0.11146020889282227, "passed": true}, "20": {"execution_time": 0.10816454887390137, "passed": true}, "21": {"execution_time": 0.12055230140686035, "passed": true}, "22": {"execution_time": 0.12733840942382812, "passed": true}, "23": {"execution_time": 0.10938644409179688, "passed": true}}}, "check_style_score": "1/1"}