{"version": "1", "message": "ERROR: Hidden Testcases server unreachable.", "problem_id": "ads2_m2_a1_1", "user_id": "Pranav Surampudi", "score": {"sample": {"0": {"execution_time": 0.125654935836792, "passed": false}, "1": {"execution_time": 0.12148523330688477, "passed": false}, "2": {"execution_time": 0.12466311454772949, "passed": false}, "3": {"execution_time": 0.12434172630310059, "passed": false}, "4": {"execution_time": 0.12368583679199219, "passed": false}, "5": {"execution_time": 0.1392512321472168, "passed": false}, "6": {"execution_time": 0.12422513961791992, "passed": false}, "7": {"execution_time": 0.12374138832092285, "passed": false}, "8": {"execution_time": 0.12421345710754395, "passed": false}, "9": {"execution_time": 0.12124967575073242, "passed": false}, "10": {"execution_time": 0.12174272537231445, "passed": false}, "11": {"execution_time": 0.12313127517700195, "passed": false}, "12": {"execution_time": 0.12832379341125488, "passed": false}, "13": {"execution_time": 0.13295674324035645, "passed": false}, "14": {"execution_time": 0.127244234085083, "passed": false}, "15": {"execution_time": 0.12047743797302246, "passed": false}, "16": {"execution_time": 0.12278175354003906, "passed": false}, "17": {"execution_time": 0.12147998809814453, "passed": false}, "18": {"execution_time": 0.12437558174133301, "passed": false}, "19": {"execution_time": 0.1234443187713623, "passed": false}, "20": {"execution_time": 0.1229085922241211, "passed": false}, "21": {"execution_time": 0.11945414543151855, "passed": false}, "22": {"execution_time": 0.12209892272949219, "passed": false}, "23": {"execution_time": 0.12652158737182617, "passed": false}}}, "check_style_score": "0/1"}