{"version": "1", "message": "ERROR: Hidden Testcases server unreachable.", "problem_id": "ads2_m2_a1_1", "user_id": "Pranav Surampudi", "score": {"sample": {"0": {"execution_time": 0.14658164978027344, "passed": false}, "1": {"execution_time": 0.1471080780029297, "passed": false}, "2": {"execution_time": 0.14731621742248535, "passed": false}, "3": {"execution_time": 0.16405463218688965, "passed": false}, "4": {"execution_time": 0.14661717414855957, "passed": false}, "5": {"execution_time": 0.1468946933746338, "passed": false}, "6": {"execution_time": 0.1461944580078125, "passed": false}, "7": {"execution_time": 0.1464245319366455, "passed": false}, "8": {"execution_time": 0.1492319107055664, "passed": false}, "9": {"execution_time": 0.14445829391479492, "passed": false}, "10": {"execution_time": 0.1437830924987793, "passed": false}, "11": {"execution_time": 0.17717766761779785, "passed": false}, "12": {"execution_time": 0.1561126708984375, "passed": false}, "13": {"execution_time": 0.15276217460632324, "passed": false}, "14": {"execution_time": 0.14509344100952148, "passed": false}, "15": {"execution_time": 0.14367389678955078, "passed": false}, "16": {"execution_time": 0.14542055130004883, "passed": false}, "17": {"execution_time": 0.15090441703796387, "passed": false}, "18": {"execution_time": 0.15962743759155273, "passed": false}, "19": {"execution_time": 0.14777302742004395, "passed": false}, "20": {"execution_time": 0.144089937210083, "passed": false}, "21": {"execution_time": 0.14628982543945312, "passed": false}, "22": {"execution_time": 0.1618177890777588, "passed": false}, "23": {"execution_time": 0.1466808319091797, "passed": false}}}, "check_style_score": "0/1"}