{"version": "1", "message": "ERROR: Hidden Testcases server unreachable.", "problem_id": "ads2_m16_a1_1", "user_id": "Pranav Surampudi", "score": {"sample": {"0": {"execution_time": 0.23855376243591309, "passed": true}, "1": {"execution_time": 0.23508667945861816, "passed": true}, "2": {"execution_time": 0.8539843559265137, "passed": true}, "3": {"execution_time": 0.85146164894104, "passed": true}, "4": {"execution_time": 0.8480758666992188, "passed": true}, "5": {"execution_time": 0.8467414379119873, "passed": true}, "6": {"execution_time": 0.9576513767242432, "passed": true}, "7": {"execution_time": 1.0086784362792969, "passed": true}, "8": {"execution_time": 0.3201913833618164, "passed": true}, "9": {"execution_time": 0.8473501205444336, "passed": true}, "10": {"execution_time": 0.8353314399719238, "passed": true}, "11": {"execution_time": 3.6362485885620117, "passed": true}, "12": {"execution_time": 0.8324565887451172, "passed": true}, "13": {"execution_time": 0.21488618850708008, "passed": true}, "14": {"execution_time": 0.8111433982849121, "passed": true}, "15": {"execution_time": 0.8031814098358154, "passed": true}, "16": {"execution_time": 0.2903432846069336, "passed": true}, "17": {"execution_time": 0.28586459159851074, "passed": true}, "18": {"execution_time": 0.28609323501586914, "passed": true}, "19": {"execution_time": 0.2949051856994629, "passed": true}, "20": {"execution_time": 0.306349515914917, "passed": true}, "21": {"execution_time": 0.2908439636230469, "passed": true}, "22": {"execution_time": 0.2905299663543701, "passed": true}, "23": {"execution_time": 0.29298996925354004, "passed": true}, "24": {"execution_time": 0.19993281364440918, "passed": true}, "25": {"execution_time": 0.8309807777404785, "passed": true}, "26": {"execution_time": 0.7086236476898193, "passed": true}, "27": {"execution_time": 0.8293044567108154, "passed": true}, "28": {"execution_time": 1.6048235893249512, "passed": true}, "29": {"execution_time": 0.19890975952148438, "passed": false}}}, "check_style_score": "0/1"}