{"version": "1", "message": "ERROR: Hidden Testcases server unreachable.", "problem_id": "ads2_m16_a1_1", "user_id": "Pranav Surampudi", "score": {"sample": {"0": {"execution_time": 0.2652921676635742, "passed": false}, "1": {"execution_time": 0.236480712890625, "passed": false}, "2": {"execution_time": 0.36409759521484375, "passed": false}, "3": {"execution_time": 0.3686864376068115, "passed": false}, "4": {"execution_time": 0.35930371284484863, "passed": false}, "5": {"execution_time": 0.41729044914245605, "passed": false}, "6": {"execution_time": 0.3893105983734131, "passed": false}, "7": {"execution_time": 0.3331170082092285, "passed": false}, "8": {"execution_time": 0.31099915504455566, "passed": false}, "9": {"execution_time": 0.356553316116333, "passed": false}, "10": {"execution_time": 0.39615464210510254, "passed": false}, "11": {"execution_time": 0.19179654121398926, "passed": false}, "12": {"execution_time": 0.3607916831970215, "passed": false}, "13": {"execution_time": 0.2204437255859375, "passed": true}, "14": {"execution_time": 0.40093207359313965, "passed": false}, "15": {"execution_time": 0.3689875602722168, "passed": false}, "16": {"execution_time": 0.24840402603149414, "passed": false}, "17": {"execution_time": 0.2348625659942627, "passed": false}, "18": {"execution_time": 0.2638554573059082, "passed": false}, "19": {"execution_time": 0.24275684356689453, "passed": false}, "20": {"execution_time": 0.28540802001953125, "passed": false}, "21": {"execution_time": 0.23693084716796875, "passed": false}, "22": {"execution_time": 0.2290501594543457, "passed": false}, "23": {"execution_time": 0.24030399322509766, "passed": false}, "24": {"execution_time": 0.1964120864868164, "passed": true}, "25": {"execution_time": 0.36751508712768555, "passed": false}, "26": {"execution_time": 0.34710240364074707, "passed": false}, "27": {"execution_time": 0.3539130687713623, "passed": false}, "28": {"execution_time": 0.48804545402526855, "passed": false}, "29": {"execution_time": 0.23301267623901367, "passed": false}}}, "check_style_score": "0/1"}