{"version": "1", "message": "ERROR: Hidden Testcases server unreachable.", "problem_id": "ads2_m16_a1_1", "user_id": "Pranav Surampudi", "score": {"sample": {"0": {"execution_time": 0.38094019889831543, "passed": false}, "1": {"execution_time": 0.21570634841918945, "passed": false}, "2": {"execution_time": 0.46911072731018066, "passed": false}, "3": {"execution_time": 0.34305858612060547, "passed": false}, "4": {"execution_time": 0.3383328914642334, "passed": false}, "5": {"execution_time": 0.35206055641174316, "passed": false}, "6": {"execution_time": 0.35213208198547363, "passed": false}, "7": {"execution_time": 0.3488903045654297, "passed": false}, "8": {"execution_time": 0.2606797218322754, "passed": false}, "9": {"execution_time": 0.34765124320983887, "passed": false}, "10": {"execution_time": 0.3411526679992676, "passed": false}, "11": {"execution_time": 0.20746898651123047, "passed": false}, "12": {"execution_time": 0.34944772720336914, "passed": false}, "13": {"execution_time": 0.20717263221740723, "passed": true}, "14": {"execution_time": 0.3356914520263672, "passed": false}, "15": {"execution_time": 0.3439610004425049, "passed": false}, "16": {"execution_time": 0.3369746208190918, "passed": false}, "17": {"execution_time": 0.22963976860046387, "passed": false}, "18": {"execution_time": 0.22254443168640137, "passed": false}, "19": {"execution_time": 0.23344969749450684, "passed": false}, "20": {"execution_time": 0.22453808784484863, "passed": false}, "21": {"execution_time": 0.22748684883117676, "passed": false}, "22": {"execution_time": 0.22175836563110352, "passed": false}, "23": {"execution_time": 0.22199583053588867, "passed": false}, "24": {"execution_time": 0.19153261184692383, "passed": true}, "25": {"execution_time": 0.3434152603149414, "passed": false}, "26": {"execution_time": 0.365001916885376, "passed": false}, "27": {"execution_time": 0.4841041564941406, "passed": false}, "28": {"execution_time": 0.6990931034088135, "passed": false}, "29": {"execution_time": 0.2191157341003418, "passed": false}}}, "check_style_score": "0/1"}