{"version": "1", "message": "ERROR: Hidden Testcases server unreachable.", "problem_id": "ads2_m16_a1_1", "user_id": "Pranav Surampudi", "score": {"sample": {"0": {"execution_time": 0.32974886894226074, "passed": false}, "1": {"execution_time": 0.2145380973815918, "passed": false}, "2": {"execution_time": 0.4506540298461914, "passed": false}, "3": {"execution_time": 0.3378114700317383, "passed": false}, "4": {"execution_time": 0.3436868190765381, "passed": false}, "5": {"execution_time": 0.33946657180786133, "passed": false}, "6": {"execution_time": 0.34265685081481934, "passed": false}, "7": {"execution_time": 0.3459045886993408, "passed": false}, "8": {"execution_time": 0.26871228218078613, "passed": false}, "9": {"execution_time": 0.34604454040527344, "passed": false}, "10": {"execution_time": 0.343428373336792, "passed": false}, "11": {"execution_time": 0.21010684967041016, "passed": false}, "12": {"execution_time": 0.3480985164642334, "passed": false}, "13": {"execution_time": 0.19872617721557617, "passed": true}, "14": {"execution_time": 0.3466048240661621, "passed": false}, "15": {"execution_time": 0.3571352958679199, "passed": false}, "16": {"execution_time": 0.36069703102111816, "passed": false}, "17": {"execution_time": 0.22935056686401367, "passed": false}, "18": {"execution_time": 0.24285387992858887, "passed": false}, "19": {"execution_time": 0.2331557273864746, "passed": false}, "20": {"execution_time": 0.21544933319091797, "passed": false}, "21": {"execution_time": 0.2257392406463623, "passed": false}, "22": {"execution_time": 0.22321796417236328, "passed": false}, "23": {"execution_time": 0.21903038024902344, "passed": false}, "24": {"execution_time": 0.17985177040100098, "passed": true}, "25": {"execution_time": 0.3411061763763428, "passed": false}, "26": {"execution_time": 0.40301084518432617, "passed": false}, "27": {"execution_time": 0.4741382598876953, "passed": false}, "28": {"execution_time": 0.7060177326202393, "passed": false}, "29": {"execution_time": 0.2198481559753418, "passed": false}}}, "check_style_score": "0/1"}