{"version": "1", "message": "ERROR: Hidden Testcases server unreachable.", "problem_id": "ads2_m6_a1_1", "user_id": "Pranav Surampudi", "score": {"sample": {"0": {"execution_time": 0.2314012050628662, "passed": false}, "1": {"execution_time": 0.22576498985290527, "passed": false}, "2": {"execution_time": 0.21747446060180664, "passed": false}, "3": {"execution_time": 0.22991180419921875, "passed": false}, "4": {"execution_time": 0.22739934921264648, "passed": true}, "5": {"execution_time": 0.2388777732849121, "passed": false}, "6": {"execution_time": 0.21435070037841797, "passed": true}, "7": {"execution_time": 0.22803378105163574, "passed": false}, "8": {"execution_time": 0.21787357330322266, "passed": true}, "9": {"execution_time": 0.22530293464660645, "passed": true}, "10": {"execution_time": 0.21230745315551758, "passed": true}, "11": {"execution_time": 0.2410411834716797, "passed": false}}}, "check_style_score": "0/1"}