{"version": "1", "message": "ERROR: Hidden Testcases server unreachable.", "problem_id": "ads2_m6_a1_1", "user_id": "Pranav Surampudi", "score": {"sample": {"0": {"execution_time": 0.2146592140197754, "passed": false}, "1": {"execution_time": 0.21927213668823242, "passed": false}, "2": {"execution_time": 0.21719861030578613, "passed": false}, "3": {"execution_time": 0.22973990440368652, "passed": false}, "4": {"execution_time": 0.21496915817260742, "passed": true}, "5": {"execution_time": 0.23143601417541504, "passed": false}, "6": {"execution_time": 0.2217552661895752, "passed": true}, "7": {"execution_time": 0.22144675254821777, "passed": false}, "8": {"execution_time": 0.2172389030456543, "passed": true}, "9": {"execution_time": 0.24019336700439453, "passed": true}, "10": {"execution_time": 0.20956206321716309, "passed": true}, "11": {"execution_time": 0.23811578750610352, "passed": false}}}, "check_style_score": "0/1"}