{"version": "1", "message": "ERROR: Hidden Testcases server unreachable.", "problem_id": "ads2_m6_a1_1", "user_id": "Pranav Surampudi", "score": {"sample": {"0": {"execution_time": 0.21854925155639648, "passed": false}, "1": {"execution_time": 0.21760225296020508, "passed": false}, "2": {"execution_time": 0.21260738372802734, "passed": false}, "3": {"execution_time": 0.22103595733642578, "passed": false}, "4": {"execution_time": 0.22063970565795898, "passed": true}, "5": {"execution_time": 0.23198604583740234, "passed": false}, "6": {"execution_time": 0.21433758735656738, "passed": true}, "7": {"execution_time": 0.2196979522705078, "passed": false}, "8": {"execution_time": 0.21614933013916016, "passed": true}, "9": {"execution_time": 0.2255547046661377, "passed": true}, "10": {"execution_time": 0.20978140830993652, "passed": true}, "11": {"execution_time": 0.25327610969543457, "passed": false}}}, "check_style_score": "0/1"}