{"version": "1", "message": "ERROR: Hidden Testcases server unreachable.", "problem_id": "ads2_m6_a1_1", "user_id": "Pranav Surampudi", "score": {"sample": {"0": {"execution_time": 0.21452689170837402, "passed": false}, "1": {"execution_time": 0.2157728672027588, "passed": false}, "2": {"execution_time": 0.21584510803222656, "passed": false}, "3": {"execution_time": 0.22502374649047852, "passed": false}, "4": {"execution_time": 0.21956992149353027, "passed": true}, "5": {"execution_time": 0.22939300537109375, "passed": false}, "6": {"execution_time": 0.21403217315673828, "passed": true}, "7": {"execution_time": 0.21658062934875488, "passed": false}, "8": {"execution_time": 0.21145892143249512, "passed": true}, "9": {"execution_time": 0.22816920280456543, "passed": true}, "10": {"execution_time": 0.21217870712280273, "passed": true}, "11": {"execution_time": 0.235426664352417, "passed": false}}}, "check_style_score": "0/1"}