{"version": "1", "message": "ERROR: Hidden Testcases server unreachable.", "problem_id": "ads2_m6_a1_1", "user_id": "Pranav Surampudi", "score": {"sample": {"0": {"execution_time": 0.2314310073852539, "passed": false}, "1": {"execution_time": 0.22673773765563965, "passed": false}, "2": {"execution_time": 0.21903347969055176, "passed": false}, "3": {"execution_time": 0.24088430404663086, "passed": false}, "4": {"execution_time": 0.2238476276397705, "passed": true}, "5": {"execution_time": 0.2528057098388672, "passed": false}, "6": {"execution_time": 0.2243514060974121, "passed": true}, "7": {"execution_time": 0.22671818733215332, "passed": false}, "8": {"execution_time": 0.2159726619720459, "passed": true}, "9": {"execution_time": 0.2292165756225586, "passed": true}, "10": {"execution_time": 0.21696829795837402, "passed": true}, "11": {"execution_time": 0.2549781799316406, "passed": false}}}, "check_style_score": "0/1"}