{"version": "1", "message": "ERROR: Hidden Testcases server unreachable.", "problem_id": "ads2_m6_a1_1", "user_id": "Pranav Surampudi", "score": {"sample": {"0": {"execution_time": 0.2214195728302002, "passed": false}, "1": {"execution_time": 0.20661115646362305, "passed": false}, "2": {"execution_time": 0.20433950424194336, "passed": false}, "3": {"execution_time": 0.22230291366577148, "passed": false}, "4": {"execution_time": 0.20489001274108887, "passed": false}, "5": {"execution_time": 0.2021167278289795, "passed": false}, "6": {"execution_time": 0.20456695556640625, "passed": true}, "7": {"execution_time": 0.20653700828552246, "passed": false}, "8": {"execution_time": 0.2042696475982666, "passed": true}, "9": {"execution_time": 0.20475435256958008, "passed": false}, "10": {"execution_time": 0.20792698860168457, "passed": true}, "11": {"execution_time": 0.20695185661315918, "passed": false}}}, "check_style_score": "0/1"}