{"version": "1", "message": "ERROR: Hidden Testcases server unreachable.", "problem_id": "ads2_m6_a1_1", "user_id": "Pranav Surampudi", "score": {"sample": {"0": {"execution_time": 0.23682260513305664, "passed": false}, "1": {"execution_time": 0.2265784740447998, "passed": false}, "2": {"execution_time": 0.23070597648620605, "passed": false}, "3": {"execution_time": 0.22608566284179688, "passed": false}, "4": {"execution_time": 0.22571778297424316, "passed": false}, "5": {"execution_time": 0.22922325134277344, "passed": false}, "6": {"execution_time": 0.22795319557189941, "passed": true}, "7": {"execution_time": 0.226182222366333, "passed": false}, "8": {"execution_time": 0.26534295082092285, "passed": true}, "9": {"execution_time": 0.24180006980895996, "passed": false}, "10": {"execution_time": 0.22739744186401367, "passed": true}, "11": {"execution_time": 0.22632241249084473, "passed": false}}}, "check_style_score": "0/1"}