{"version": "1", "message": "ERROR: Hidden Testcases server unreachable.", "problem_id": "ads2_m6_a1_1", "user_id": "Pranav Surampudi", "score": {"sample": {"0": {"execution_time": 0.24108123779296875, "passed": false}, "1": {"execution_time": 0.23784995079040527, "passed": false}, "2": {"execution_time": 0.23232364654541016, "passed": false}, "3": {"execution_time": 0.2335216999053955, "passed": false}, "4": {"execution_time": 0.23376917839050293, "passed": false}, "5": {"execution_time": 0.22642230987548828, "passed": false}, "6": {"execution_time": 0.2313060760498047, "passed": true}, "7": {"execution_time": 0.2304825782775879, "passed": false}, "8": {"execution_time": 0.22989177703857422, "passed": true}, "9": {"execution_time": 0.232330322265625, "passed": false}, "10": {"execution_time": 0.2391209602355957, "passed": true}, "11": {"execution_time": 0.23514533042907715, "passed": false}}}, "check_style_score": "0/1"}