{"version": "1", "message": "ERROR: Hidden Testcases server unreachable.", "problem_id": "ads2_m6_a1_1", "user_id": "Pranav Surampudi", "score": {"sample": {"0": {"execution_time": 0.2371833324432373, "passed": false}, "1": {"execution_time": 0.2294623851776123, "passed": false}, "2": {"execution_time": 0.2597076892852783, "passed": false}, "3": {"execution_time": 0.22977280616760254, "passed": false}, "4": {"execution_time": 0.23250746726989746, "passed": false}, "5": {"execution_time": 0.22652363777160645, "passed": false}, "6": {"execution_time": 0.23331689834594727, "passed": true}, "7": {"execution_time": 0.23423480987548828, "passed": false}, "8": {"execution_time": 0.23000335693359375, "passed": true}, "9": {"execution_time": 0.23545312881469727, "passed": false}, "10": {"execution_time": 0.2284836769104004, "passed": true}, "11": {"execution_time": 0.23028182983398438, "passed": false}}}, "check_style_score": "0/1"}