{"version": "1", "message": "ERROR: Hidden Testcases server unreachable.", "problem_id": "ads2_m6_a1_1", "user_id": "Pranav Surampudi", "score": {"sample": {"0": {"execution_time": 0.2061612606048584, "passed": false}, "1": {"execution_time": 0.21082282066345215, "passed": false}, "2": {"execution_time": 0.20369648933410645, "passed": false}, "3": {"execution_time": 0.2078235149383545, "passed": false}, "4": {"execution_time": 0.20363569259643555, "passed": false}, "5": {"execution_time": 0.20684456825256348, "passed": true}, "6": {"execution_time": 0.20415210723876953, "passed": true}, "7": {"execution_time": 0.20623087882995605, "passed": false}, "8": {"execution_time": 0.205641508102417, "passed": true}, "9": {"execution_time": 0.20662879943847656, "passed": false}, "10": {"execution_time": 0.21640801429748535, "passed": true}, "11": {"execution_time": 0.21124720573425293, "passed": false}}}, "check_style_score": "0/1"}