{"version": "1", "message": "ERROR: Hidden Testcases server unreachable.", "problem_id": "ads2_m6_a1_1", "user_id": "Pranav Surampudi", "score": {"sample": {"0": {"execution_time": 0.2346785068511963, "passed": false}, "1": {"execution_time": 0.25137948989868164, "passed": false}, "2": {"execution_time": 0.21851420402526855, "passed": false}, "3": {"execution_time": 0.25066518783569336, "passed": false}, "4": {"execution_time": 0.24743199348449707, "passed": true}, "5": {"execution_time": 0.23708200454711914, "passed": false}, "6": {"execution_time": 0.2257692813873291, "passed": true}, "7": {"execution_time": 0.23275518417358398, "passed": false}, "8": {"execution_time": 0.2481977939605713, "passed": true}, "9": {"execution_time": 0.2325284481048584, "passed": true}, "10": {"execution_time": 0.21577930450439453, "passed": true}, "11": {"execution_time": 0.2421102523803711, "passed": false}}}, "check_style_score": "0/1"}