{"version": "1", "message": "ERROR: Hidden Testcases server unreachable.", "problem_id": "ads2_m6_a1_1", "user_id": "Pranav Surampudi", "score": {"sample": {"0": {"execution_time": 0.18469572067260742, "passed": false}, "1": {"execution_time": 0.1744675636291504, "passed": false}, "2": {"execution_time": 0.17069339752197266, "passed": false}, "3": {"execution_time": 0.17530512809753418, "passed": false}, "4": {"execution_time": 0.18718528747558594, "passed": false}, "5": {"execution_time": 0.18027853965759277, "passed": false}, "6": {"execution_time": 0.170365571975708, "passed": false}, "7": {"execution_time": 0.17132830619812012, "passed": false}, "8": {"execution_time": 0.17394280433654785, "passed": false}, "9": {"execution_time": 0.17528676986694336, "passed": false}, "10": {"execution_time": 0.17064213752746582, "passed": false}, "11": {"execution_time": 0.1715686321258545, "passed": false}}}, "check_style_score": "0/1"}