{"version": "1", "message": "ERROR: Hidden Testcases server unreachable.", "problem_id": "ads2_m6_a1_1", "user_id": "Pranav Surampudi", "score": {"sample": {"0": {"execution_time": 0.23836207389831543, "passed": false}, "1": {"execution_time": 0.20398807525634766, "passed": false}, "2": {"execution_time": 0.20861148834228516, "passed": false}, "3": {"execution_time": 0.20563721656799316, "passed": false}, "4": {"execution_time": 0.20650053024291992, "passed": false}, "5": {"execution_time": 0.20481061935424805, "passed": false}, "6": {"execution_time": 0.2044985294342041, "passed": true}, "7": {"execution_time": 0.20177888870239258, "passed": false}, "8": {"execution_time": 0.20072650909423828, "passed": true}, "9": {"execution_time": 0.20464777946472168, "passed": false}, "10": {"execution_time": 0.20789313316345215, "passed": true}, "11": {"execution_time": 0.20441174507141113, "passed": false}}}, "check_style_score": "0/1"}