{"version": "1", "message": "ERROR: Hidden Testcases server unreachable.", "problem_id": "ads2_m6_a1_1", "user_id": "Pranav Surampudi", "score": {"sample": {"0": {"execution_time": 0.25536584854125977, "passed": false}, "1": {"execution_time": 0.21838617324829102, "passed": false}, "2": {"execution_time": 0.22075510025024414, "passed": false}, "3": {"execution_time": 0.22961163520812988, "passed": false}, "4": {"execution_time": 0.22403883934020996, "passed": true}, "5": {"execution_time": 0.24082112312316895, "passed": false}, "6": {"execution_time": 0.21733570098876953, "passed": false}, "7": {"execution_time": 0.22598052024841309, "passed": false}, "8": {"execution_time": 0.21239376068115234, "passed": false}, "9": {"execution_time": 0.22570514678955078, "passed": true}, "10": {"execution_time": 0.21319246292114258, "passed": false}, "11": {"execution_time": 0.2456068992614746, "passed": false}}}, "check_style_score": "0/1"}