{"version": "1", "message": "ERROR: Hidden Testcases server unreachable.", "problem_id": "ads2_m6_a1_1", "user_id": "Pranav Surampudi", "score": {"sample": {"0": {"execution_time": 0.2683861255645752, "passed": false}, "1": {"execution_time": 0.20954203605651855, "passed": false}, "2": {"execution_time": 0.2029130458831787, "passed": false}, "3": {"execution_time": 0.2069404125213623, "passed": false}, "4": {"execution_time": 0.20349788665771484, "passed": false}, "5": {"execution_time": 0.205369234085083, "passed": false}, "6": {"execution_time": 0.20145177841186523, "passed": true}, "7": {"execution_time": 0.2051713466644287, "passed": false}, "8": {"execution_time": 0.20183134078979492, "passed": true}, "9": {"execution_time": 0.20168256759643555, "passed": false}, "10": {"execution_time": 0.1997365951538086, "passed": true}, "11": {"execution_time": 0.20883393287658691, "passed": false}}}, "check_style_score": "0/1"}