{"version": "1", "message": "ERROR: Hidden Testcases server unreachable.", "problem_id": "ads2_m6_a1_1", "user_id": "Pranav Surampudi", "score": {"sample": {"0": {"execution_time": 0.22240567207336426, "passed": false}, "1": {"execution_time": 0.2422175407409668, "passed": false}, "2": {"execution_time": 0.21896648406982422, "passed": false}, "3": {"execution_time": 0.24894237518310547, "passed": false}, "4": {"execution_time": 0.21037697792053223, "passed": true}, "5": {"execution_time": 0.22592449188232422, "passed": false}, "6": {"execution_time": 0.20953011512756348, "passed": false}, "7": {"execution_time": 0.2206859588623047, "passed": false}, "8": {"execution_time": 0.2157437801361084, "passed": false}, "9": {"execution_time": 0.21930646896362305, "passed": true}, "10": {"execution_time": 0.20697450637817383, "passed": false}, "11": {"execution_time": 0.23549342155456543, "passed": false}}}, "check_style_score": "0/1"}