{"version": "1", "message": "ERROR: Hidden Testcases server unreachable.", "problem_id": "ads2_m6_a1_1", "user_id": "Pranav Surampudi", "score": {"sample": {"0": {"execution_time": 0.21677446365356445, "passed": false}, "1": {"execution_time": 0.2181544303894043, "passed": false}, "2": {"execution_time": 0.22412467002868652, "passed": false}, "3": {"execution_time": 0.2250380516052246, "passed": false}, "4": {"execution_time": 0.2240760326385498, "passed": true}, "5": {"execution_time": 0.23588013648986816, "passed": false}, "6": {"execution_time": 0.22162556648254395, "passed": false}, "7": {"execution_time": 0.2207961082458496, "passed": false}, "8": {"execution_time": 0.218550443649292, "passed": false}, "9": {"execution_time": 0.2180321216583252, "passed": true}, "10": {"execution_time": 0.21258783340454102, "passed": false}, "11": {"execution_time": 0.23807930946350098, "passed": false}}}, "check_style_score": "0/1"}