{"version": "1", "message": "ERROR: Hidden Testcases server unreachable.", "problem_id": "ads2_m6_a1_1", "user_id": "Pranav Surampudi", "score": {"sample": {"0": {"execution_time": 0.23247671127319336, "passed": false}, "1": {"execution_time": 0.22306585311889648, "passed": false}, "2": {"execution_time": 0.25012850761413574, "passed": false}, "3": {"execution_time": 0.2414722442626953, "passed": false}, "4": {"execution_time": 0.22930693626403809, "passed": true}, "5": {"execution_time": 0.23265767097473145, "passed": false}, "6": {"execution_time": 0.2194979190826416, "passed": true}, "7": {"execution_time": 0.22605180740356445, "passed": false}, "8": {"execution_time": 0.22806406021118164, "passed": true}, "9": {"execution_time": 0.23337388038635254, "passed": true}, "10": {"execution_time": 0.22222185134887695, "passed": true}, "11": {"execution_time": 0.2539024353027344, "passed": false}}}, "check_style_score": "0/1"}