{"version": "1", "message": "ERROR: Hidden Testcases server unreachable.", "problem_id": "ads2_m6_a1_1", "user_id": "Pranav Surampudi", "score": {"sample": {"0": {"execution_time": 0.22739243507385254, "passed": false}, "1": {"execution_time": 0.22894287109375, "passed": false}, "2": {"execution_time": 0.23108816146850586, "passed": false}, "3": {"execution_time": 0.22197914123535156, "passed": false}, "4": {"execution_time": 0.2265162467956543, "passed": true}, "5": {"execution_time": 0.23178958892822266, "passed": false}, "6": {"execution_time": 0.21829628944396973, "passed": false}, "7": {"execution_time": 0.2248826026916504, "passed": false}, "8": {"execution_time": 0.22187376022338867, "passed": false}, "9": {"execution_time": 0.22167015075683594, "passed": true}, "10": {"execution_time": 0.2138822078704834, "passed": false}, "11": {"execution_time": 0.24408555030822754, "passed": false}}}, "check_style_score": "0/1"}