{"version": "1", "message": "ERROR: Hidden Testcases server unreachable.", "problem_id": "ads2_m6_a1_1", "user_id": "Pranav Surampudi", "score": {"sample": {"0": {"execution_time": 0.36550378799438477, "passed": false}, "1": {"execution_time": 0.3934297561645508, "passed": false}, "2": {"execution_time": 0.3951740264892578, "passed": false}, "3": {"execution_time": 0.49506139755249023, "passed": false}, "4": {"execution_time": 0.40744566917419434, "passed": false}, "5": {"execution_time": 0.4669201374053955, "passed": false}, "6": {"execution_time": 0.3681821823120117, "passed": false}, "7": {"execution_time": 0.40251874923706055, "passed": false}, "8": {"execution_time": 0.41808366775512695, "passed": false}, "9": {"execution_time": 0.4577932357788086, "passed": false}, "10": {"execution_time": 0.3194265365600586, "passed": false}, "11": {"execution_time": 0.6154828071594238, "passed": false}}}, "check_style_score": "0/1"}