{"version": "1", "message": "ERROR: Hidden Testcases server unreachable.", "problem_id": "ads2_m6_a1_1", "user_id": "Pranav Surampudi", "score": {"sample": {"0": {"execution_time": 0.2065596580505371, "passed": false}, "1": {"execution_time": 0.2093186378479004, "passed": false}, "2": {"execution_time": 0.21175384521484375, "passed": false}, "3": {"execution_time": 0.21316766738891602, "passed": false}, "4": {"execution_time": 0.21001029014587402, "passed": false}, "5": {"execution_time": 0.2140495777130127, "passed": true}, "6": {"execution_time": 0.20125508308410645, "passed": true}, "7": {"execution_time": 0.20359325408935547, "passed": false}, "8": {"execution_time": 0.20641660690307617, "passed": true}, "9": {"execution_time": 0.21185612678527832, "passed": false}, "10": {"execution_time": 0.20382380485534668, "passed": true}, "11": {"execution_time": 0.20472097396850586, "passed": false}}}, "check_style_score": "0/1"}