{"version": "1", "message": "ERROR: Hidden Testcases server unreachable.", "problem_id": "ads2_m6_a1_1", "user_id": "Pranav Surampudi", "score": {"sample": {"0": {"execution_time": 0.20943999290466309, "passed": false}, "1": {"execution_time": 0.20679235458374023, "passed": false}, "2": {"execution_time": 0.20617389678955078, "passed": false}, "3": {"execution_time": 0.20944643020629883, "passed": false}, "4": {"execution_time": 0.20687294006347656, "passed": false}, "5": {"execution_time": 0.20791220664978027, "passed": true}, "6": {"execution_time": 0.1963341236114502, "passed": true}, "7": {"execution_time": 0.2059473991394043, "passed": false}, "8": {"execution_time": 0.19933533668518066, "passed": true}, "9": {"execution_time": 0.2097015380859375, "passed": false}, "10": {"execution_time": 0.20180130004882812, "passed": true}, "11": {"execution_time": 0.2014932632446289, "passed": false}}}, "check_style_score": "0/1"}