{"version": "1", "message": "ERROR: Hidden Testcases server unreachable.", "problem_id": "ads2_m6_a1_1", "user_id": "Pranav Surampudi", "score": {"sample": {"0": {"execution_time": 0.21590137481689453, "passed": false}, "1": {"execution_time": 0.2092270851135254, "passed": false}, "2": {"execution_time": 0.21239805221557617, "passed": false}, "3": {"execution_time": 0.22411608695983887, "passed": false}, "4": {"execution_time": 0.2169649600982666, "passed": true}, "5": {"execution_time": 0.22995209693908691, "passed": false}, "6": {"execution_time": 0.20841646194458008, "passed": true}, "7": {"execution_time": 0.2159714698791504, "passed": false}, "8": {"execution_time": 0.20783376693725586, "passed": true}, "9": {"execution_time": 0.22279119491577148, "passed": true}, "10": {"execution_time": 0.21204590797424316, "passed": true}, "11": {"execution_time": 0.23152637481689453, "passed": false}}}, "check_style_score": "0/1"}