{"version": "1", "message": "ERROR: Hidden Testcases server unreachable.", "problem_id": "ads2_m6_a1_1", "user_id": "Pranav Surampudi", "score": {"sample": {"0": {"execution_time": 0.2144160270690918, "passed": false}, "1": {"execution_time": 0.21589207649230957, "passed": false}, "2": {"execution_time": 0.21583795547485352, "passed": false}, "3": {"execution_time": 0.21853947639465332, "passed": false}, "4": {"execution_time": 0.21626806259155273, "passed": true}, "5": {"execution_time": 0.22615551948547363, "passed": false}, "6": {"execution_time": 0.20947265625, "passed": true}, "7": {"execution_time": 0.21842527389526367, "passed": false}, "8": {"execution_time": 0.20886778831481934, "passed": true}, "9": {"execution_time": 0.22188758850097656, "passed": true}, "10": {"execution_time": 0.2080686092376709, "passed": true}, "11": {"execution_time": 0.22964978218078613, "passed": false}}}, "check_style_score": "0/1"}