{"version": "1", "message": "ERROR: Hidden Testcases server unreachable.", "problem_id": "ads2_m6_a1_1", "user_id": "Pranav Surampudi", "score": {"sample": {"0": {"execution_time": 0.3174600601196289, "passed": false}, "1": {"execution_time": 0.33173704147338867, "passed": false}, "2": {"execution_time": 0.3408944606781006, "passed": false}, "3": {"execution_time": 0.3179323673248291, "passed": false}, "4": {"execution_time": 0.2771322727203369, "passed": false}, "5": {"execution_time": 0.2978205680847168, "passed": true}, "6": {"execution_time": 0.3190324306488037, "passed": true}, "7": {"execution_time": 0.36316728591918945, "passed": false}, "8": {"execution_time": 0.31767988204956055, "passed": true}, "9": {"execution_time": 0.3076655864715576, "passed": false}, "10": {"execution_time": 0.260725736618042, "passed": true}, "11": {"execution_time": 0.2871420383453369, "passed": false}}}, "check_style_score": "0/1"}