{"version": "1", "message": "ERROR: Hidden Testcases server unreachable.", "problem_id": "ads2_m6_a1_1", "user_id": "Pranav Surampudi", "score": {"sample": {"0": {"execution_time": 0.20510268211364746, "passed": false}, "1": {"execution_time": 0.20534110069274902, "passed": false}, "2": {"execution_time": 0.20688271522521973, "passed": false}, "3": {"execution_time": 0.21216249465942383, "passed": false}, "4": {"execution_time": 0.2072582244873047, "passed": false}, "5": {"execution_time": 0.20906400680541992, "passed": false}, "6": {"execution_time": 0.20923209190368652, "passed": false}, "7": {"execution_time": 0.2120361328125, "passed": false}, "8": {"execution_time": 0.20600152015686035, "passed": false}, "9": {"execution_time": 0.22282147407531738, "passed": false}, "10": {"execution_time": 0.20524048805236816, "passed": false}, "11": {"execution_time": 0.21458101272583008, "passed": false}}}, "check_style_score": "0/1"}