{"version": "1", "message": "ERROR: Hidden Testcases server unreachable.", "problem_id": "ads2_m6_a1_1", "user_id": "Pranav Surampudi", "score": {"sample": {"0": {"execution_time": 0.20997953414916992, "passed": false}, "1": {"execution_time": 0.211350679397583, "passed": false}, "2": {"execution_time": 0.21643495559692383, "passed": false}, "3": {"execution_time": 0.2310013771057129, "passed": false}, "4": {"execution_time": 0.22317194938659668, "passed": true}, "5": {"execution_time": 0.23099374771118164, "passed": false}, "6": {"execution_time": 0.21172070503234863, "passed": false}, "7": {"execution_time": 0.21871113777160645, "passed": false}, "8": {"execution_time": 0.21482038497924805, "passed": false}, "9": {"execution_time": 0.22344541549682617, "passed": true}, "10": {"execution_time": 0.20815801620483398, "passed": false}, "11": {"execution_time": 0.23886823654174805, "passed": false}}}, "check_style_score": "0/1"}