{"version": "1", "message": "ERROR: Hidden Testcases server unreachable.", "problem_id": "ads2_m6_a1_1", "user_id": "Pranav Surampudi", "score": {"sample": {"0": {"execution_time": 0.37387609481811523, "passed": false}, "1": {"execution_time": 0.29085874557495117, "passed": false}, "2": {"execution_time": 0.35210609436035156, "passed": false}, "3": {"execution_time": 0.28118896484375, "passed": false}, "4": {"execution_time": 0.2680649757385254, "passed": false}, "5": {"execution_time": 0.29189014434814453, "passed": true}, "6": {"execution_time": 0.3184659481048584, "passed": true}, "7": {"execution_time": 0.3412904739379883, "passed": false}, "8": {"execution_time": 0.2607550621032715, "passed": true}, "9": {"execution_time": 0.27129387855529785, "passed": false}, "10": {"execution_time": 0.2580227851867676, "passed": true}, "11": {"execution_time": 0.3800837993621826, "passed": false}}}, "check_style_score": "0/1"}