{"version": "1", "message": "ERROR: Hidden Testcases server unreachable.", "problem_id": "ads2_m6_a1_1", "user_id": "Pranav Surampudi", "score": {"sample": {"0": {"execution_time": 0.15621733665466309, "passed": false}, "1": {"execution_time": 0.14950323104858398, "passed": false}, "2": {"execution_time": 0.15307855606079102, "passed": false}, "3": {"execution_time": 0.15430283546447754, "passed": false}, "4": {"execution_time": 0.14488434791564941, "passed": false}, "5": {"execution_time": 0.15092015266418457, "passed": false}, "6": {"execution_time": 0.14792132377624512, "passed": false}, "7": {"execution_time": 0.1497173309326172, "passed": false}, "8": {"execution_time": 0.15377116203308105, "passed": false}, "9": {"execution_time": 0.14727544784545898, "passed": false}, "10": {"execution_time": 0.1487421989440918, "passed": false}, "11": {"execution_time": 0.1491072177886963, "passed": false}}}, "check_style_score": "0/1"}