{"version": "1", "message": "ERROR: Hidden Testcases server unreachable.", "problem_id": "ads2_m6_a1_1", "user_id": "Pranav Surampudi", "score": {"sample": {"0": {"execution_time": 0.22539687156677246, "passed": false}, "1": {"execution_time": 0.232421875, "passed": false}, "2": {"execution_time": 0.21680307388305664, "passed": false}, "3": {"execution_time": 0.24195146560668945, "passed": false}, "4": {"execution_time": 0.22197556495666504, "passed": true}, "5": {"execution_time": 0.23601579666137695, "passed": false}, "6": {"execution_time": 0.2300267219543457, "passed": true}, "7": {"execution_time": 0.22744321823120117, "passed": false}, "8": {"execution_time": 0.2196497917175293, "passed": true}, "9": {"execution_time": 0.2257680892944336, "passed": true}, "10": {"execution_time": 0.215378999710083, "passed": true}, "11": {"execution_time": 0.23917460441589355, "passed": false}}}, "check_style_score": "0/1"}