{"version": "1", "message": "ERROR: Hidden Testcases server unreachable.", "problem_id": "ads2_m6_a1_1", "user_id": "Pranav Surampudi", "score": {"sample": {"0": {"execution_time": 0.21886873245239258, "passed": false}, "1": {"execution_time": 0.21776890754699707, "passed": false}, "2": {"execution_time": 0.21187973022460938, "passed": false}, "3": {"execution_time": 0.22979736328125, "passed": false}, "4": {"execution_time": 0.2192986011505127, "passed": true}, "5": {"execution_time": 0.24597430229187012, "passed": false}, "6": {"execution_time": 0.21303987503051758, "passed": true}, "7": {"execution_time": 0.21921563148498535, "passed": false}, "8": {"execution_time": 0.2185068130493164, "passed": true}, "9": {"execution_time": 0.22163891792297363, "passed": true}, "10": {"execution_time": 0.21710896492004395, "passed": true}, "11": {"execution_time": 0.2420501708984375, "passed": false}}}, "check_style_score": "0/1"}