{"version": "1", "message": "ERROR: Hidden Testcases server unreachable.", "problem_id": "ads2_m6_a1_1", "user_id": "Pranav Surampudi", "score": {"sample": {"0": {"execution_time": 0.39722609519958496, "passed": false}, "1": {"execution_time": 0.37670278549194336, "passed": false}, "2": {"execution_time": 0.2819783687591553, "passed": false}, "3": {"execution_time": 0.27314305305480957, "passed": false}, "4": {"execution_time": 0.2852022647857666, "passed": false}, "5": {"execution_time": 0.2652285099029541, "passed": true}, "6": {"execution_time": 0.2362985610961914, "passed": true}, "7": {"execution_time": 0.2577362060546875, "passed": false}, "8": {"execution_time": 0.2525198459625244, "passed": true}, "9": {"execution_time": 0.3023183345794678, "passed": false}, "10": {"execution_time": 0.23144149780273438, "passed": true}, "11": {"execution_time": 0.25983667373657227, "passed": false}}}, "check_style_score": "0/1"}