{"version": "1", "message": "ERROR: Hidden Testcases server unreachable.", "problem_id": "ads2_m6_a1_1", "user_id": "Pranav Surampudi", "score": {"sample": {"0": {"execution_time": 0.20743703842163086, "passed": false}, "1": {"execution_time": 0.20624327659606934, "passed": false}, "2": {"execution_time": 0.20209670066833496, "passed": false}, "3": {"execution_time": 0.2234940528869629, "passed": false}, "4": {"execution_time": 0.22173285484313965, "passed": false}, "5": {"execution_time": 0.21213698387145996, "passed": false}, "6": {"execution_time": 0.20632100105285645, "passed": false}, "7": {"execution_time": 0.2064218521118164, "passed": false}, "8": {"execution_time": 0.2072434425354004, "passed": false}, "9": {"execution_time": 0.20612883567810059, "passed": false}, "10": {"execution_time": 0.20766878128051758, "passed": false}, "11": {"execution_time": 0.21761608123779297, "passed": false}}}, "check_style_score": "0/1"}