{"version": "1", "message": "ERROR: Hidden Testcases server unreachable.", "problem_id": "ads2_m6_a1_1", "user_id": "Pranav Surampudi", "score": {"sample": {"0": {"execution_time": 0.20527291297912598, "passed": false}, "1": {"execution_time": 0.2062075138092041, "passed": false}, "2": {"execution_time": 0.20580506324768066, "passed": false}, "3": {"execution_time": 0.22165346145629883, "passed": false}, "4": {"execution_time": 0.22176718711853027, "passed": false}, "5": {"execution_time": 0.21736478805541992, "passed": false}, "6": {"execution_time": 0.21285176277160645, "passed": false}, "7": {"execution_time": 0.20632529258728027, "passed": false}, "8": {"execution_time": 0.20521950721740723, "passed": false}, "9": {"execution_time": 0.21558022499084473, "passed": false}, "10": {"execution_time": 0.21321535110473633, "passed": false}, "11": {"execution_time": 0.21623754501342773, "passed": false}}}, "check_style_score": "0/1"}