{"version": "1", "message": "ERROR: Hidden Testcases server unreachable.", "problem_id": "ads2_m6_a1_1", "user_id": "Pranav Surampudi", "score": {"sample": {"0": {"execution_time": 0.21342897415161133, "passed": false}, "1": {"execution_time": 0.2079157829284668, "passed": false}, "2": {"execution_time": 0.20728087425231934, "passed": false}, "3": {"execution_time": 0.20501089096069336, "passed": false}, "4": {"execution_time": 0.20393705368041992, "passed": false}, "5": {"execution_time": 0.20537996292114258, "passed": false}, "6": {"execution_time": 0.2026660442352295, "passed": true}, "7": {"execution_time": 0.2042250633239746, "passed": false}, "8": {"execution_time": 0.20345497131347656, "passed": true}, "9": {"execution_time": 0.20488643646240234, "passed": false}, "10": {"execution_time": 0.20427703857421875, "passed": true}, "11": {"execution_time": 0.20423316955566406, "passed": false}}}, "check_style_score": "0/1"}