{"version": "1", "message": "ERROR: Hidden Testcases server unreachable.", "problem_id": "ads2_m6_a1_1", "user_id": "Pranav Surampudi", "score": {"sample": {"0": {"execution_time": 0.25048327445983887, "passed": false}, "1": {"execution_time": 0.24063777923583984, "passed": false}, "2": {"execution_time": 0.2346808910369873, "passed": false}, "3": {"execution_time": 0.26148509979248047, "passed": false}, "4": {"execution_time": 0.2533135414123535, "passed": true}, "5": {"execution_time": 0.2524373531341553, "passed": false}, "6": {"execution_time": 0.24144554138183594, "passed": true}, "7": {"execution_time": 0.24878215789794922, "passed": false}, "8": {"execution_time": 0.24457526206970215, "passed": true}, "9": {"execution_time": 0.23938822746276855, "passed": true}, "10": {"execution_time": 0.23746967315673828, "passed": true}, "11": {"execution_time": 0.2642700672149658, "passed": false}}}, "check_style_score": "0/1"}