{"version": "1", "message": "ERROR: Hidden Testcases server unreachable.", "problem_id": "ads2_m6_a1_1", "user_id": "Pranav Surampudi", "score": {"sample": {"0": {"execution_time": 0.2124323844909668, "passed": false}, "1": {"execution_time": 0.20836710929870605, "passed": false}, "2": {"execution_time": 0.2060542106628418, "passed": false}, "3": {"execution_time": 0.22530865669250488, "passed": false}, "4": {"execution_time": 0.2105557918548584, "passed": false}, "5": {"execution_time": 0.209122896194458, "passed": true}, "6": {"execution_time": 0.23936176300048828, "passed": true}, "7": {"execution_time": 0.21761202812194824, "passed": false}, "8": {"execution_time": 0.21467971801757812, "passed": true}, "9": {"execution_time": 0.2085881233215332, "passed": false}, "10": {"execution_time": 0.20821547508239746, "passed": true}, "11": {"execution_time": 0.20625734329223633, "passed": false}}}, "check_style_score": "0/1"}