{"version": "1", "message": "ERROR: Hidden Testcases server unreachable.", "problem_id": "ads2_m6_a1_1", "user_id": "Pranav Surampudi", "score": {"sample": {"0": {"execution_time": 0.2154231071472168, "passed": false}, "1": {"execution_time": 0.20254731178283691, "passed": false}, "2": {"execution_time": 0.20265913009643555, "passed": false}, "3": {"execution_time": 0.20226740837097168, "passed": false}, "4": {"execution_time": 0.21595335006713867, "passed": false}, "5": {"execution_time": 0.20358037948608398, "passed": true}, "6": {"execution_time": 0.20970988273620605, "passed": true}, "7": {"execution_time": 0.2046802043914795, "passed": false}, "8": {"execution_time": 0.20380139350891113, "passed": true}, "9": {"execution_time": 0.20559477806091309, "passed": false}, "10": {"execution_time": 0.19878053665161133, "passed": true}, "11": {"execution_time": 0.2106189727783203, "passed": false}}}, "check_style_score": "0/1"}