{"version": "1", "message": "ERROR: Hidden Testcases server unreachable.", "problem_id": "ads2_m6_a1_1", "user_id": "Pranav Surampudi", "score": {"sample": {"0": {"execution_time": 0.21378231048583984, "passed": false}, "1": {"execution_time": 0.22161054611206055, "passed": false}, "2": {"execution_time": 0.21251225471496582, "passed": false}, "3": {"execution_time": 0.23206043243408203, "passed": false}, "4": {"execution_time": 0.22151613235473633, "passed": true}, "5": {"execution_time": 0.23451781272888184, "passed": false}, "6": {"execution_time": 0.21742820739746094, "passed": false}, "7": {"execution_time": 0.2241058349609375, "passed": false}, "8": {"execution_time": 0.21288132667541504, "passed": false}, "9": {"execution_time": 0.2276451587677002, "passed": true}, "10": {"execution_time": 0.2085738182067871, "passed": false}, "11": {"execution_time": 0.23865127563476562, "passed": false}}}, "check_style_score": "0/1"}