{"version": "1", "message": "ERROR: Hidden Testcases server unreachable.", "problem_id": "ads2_m6_a1_1", "user_id": "Pranav Surampudi", "score": {"sample": {"0": {"execution_time": 0.21829652786254883, "passed": false}, "1": {"execution_time": 0.18961381912231445, "passed": false}, "2": {"execution_time": 0.18740010261535645, "passed": false}, "3": {"execution_time": 0.1875905990600586, "passed": false}, "4": {"execution_time": 0.18333196640014648, "passed": false}, "5": {"execution_time": 0.18595218658447266, "passed": false}, "6": {"execution_time": 0.1832904815673828, "passed": false}, "7": {"execution_time": 0.1832888126373291, "passed": false}, "8": {"execution_time": 0.18192243576049805, "passed": false}, "9": {"execution_time": 0.1836535930633545, "passed": false}, "10": {"execution_time": 0.18303346633911133, "passed": false}, "11": {"execution_time": 0.1861577033996582, "passed": false}}}, "check_style_score": "0/1"}