{"version": "1", "message": "ERROR: Hidden Testcases server unreachable.", "problem_id": "ads2_m6_a1_1", "user_id": "Pranav Surampudi", "score": {"sample": {"0": {"execution_time": 0.21275877952575684, "passed": false}, "1": {"execution_time": 0.20047974586486816, "passed": false}, "2": {"execution_time": 0.2045590877532959, "passed": false}, "3": {"execution_time": 0.20289373397827148, "passed": false}, "4": {"execution_time": 0.2080070972442627, "passed": false}, "5": {"execution_time": 0.2053213119506836, "passed": false}, "6": {"execution_time": 0.20615601539611816, "passed": true}, "7": {"execution_time": 0.20154881477355957, "passed": false}, "8": {"execution_time": 0.20127010345458984, "passed": true}, "9": {"execution_time": 0.2068650722503662, "passed": true}, "10": {"execution_time": 0.20644807815551758, "passed": true}, "11": {"execution_time": 0.2020397186279297, "passed": false}}}, "check_style_score": "0/1"}