{"version": "1", "message": "ERROR: Hidden Testcases server unreachable.", "problem_id": "ads2_m6_a1_1", "user_id": "Pranav Surampudi", "score": {"sample": {"0": {"execution_time": 0.2524728775024414, "passed": false}, "1": {"execution_time": 0.24533724784851074, "passed": false}, "2": {"execution_time": 0.2456989288330078, "passed": false}, "3": {"execution_time": 0.25347447395324707, "passed": false}, "4": {"execution_time": 0.25292086601257324, "passed": true}, "5": {"execution_time": 0.26870155334472656, "passed": false}, "6": {"execution_time": 0.238694429397583, "passed": true}, "7": {"execution_time": 0.24906158447265625, "passed": false}, "8": {"execution_time": 0.24626684188842773, "passed": true}, "9": {"execution_time": 0.2519540786743164, "passed": true}, "10": {"execution_time": 0.23206853866577148, "passed": true}, "11": {"execution_time": 0.2564737796783447, "passed": false}}}, "check_style_score": "0/1"}