{"version": "1", "message": "ERROR: Hidden Testcases server unreachable.", "problem_id": "ads2_m6_a1_1", "user_id": "Pranav Surampudi", "score": {"sample": {"0": {"execution_time": 0.2883439064025879, "passed": false}, "1": {"execution_time": 0.26725172996520996, "passed": false}, "2": {"execution_time": 0.3090379238128662, "passed": false}, "3": {"execution_time": 0.37020015716552734, "passed": false}, "4": {"execution_time": 0.3403043746948242, "passed": false}, "5": {"execution_time": 0.31220245361328125, "passed": true}, "6": {"execution_time": 0.2668590545654297, "passed": true}, "7": {"execution_time": 0.2681152820587158, "passed": false}, "8": {"execution_time": 0.27092623710632324, "passed": true}, "9": {"execution_time": 0.3269367218017578, "passed": false}, "10": {"execution_time": 0.32738542556762695, "passed": true}, "11": {"execution_time": 0.40732741355895996, "passed": false}}}, "check_style_score": "0/1"}