{"version": "1", "message": "ERROR: Hidden Testcases server unreachable.", "problem_id": "ads2_m6_a1_1", "user_id": "Pranav Surampudi", "score": {"sample": {"0": {"execution_time": 0.21043634414672852, "passed": false}, "1": {"execution_time": 0.2040238380432129, "passed": false}, "2": {"execution_time": 0.20146918296813965, "passed": false}, "3": {"execution_time": 0.21224308013916016, "passed": false}, "4": {"execution_time": 0.21491074562072754, "passed": false}, "5": {"execution_time": 0.24876189231872559, "passed": true}, "6": {"execution_time": 0.23549580574035645, "passed": true}, "7": {"execution_time": 0.21151304244995117, "passed": false}, "8": {"execution_time": 0.21147847175598145, "passed": true}, "9": {"execution_time": 0.2101728916168213, "passed": false}, "10": {"execution_time": 0.21981167793273926, "passed": true}, "11": {"execution_time": 0.2150723934173584, "passed": false}}}, "check_style_score": "0/1"}