{"version": "1", "message": "ERROR: Hidden Testcases server unreachable.", "problem_id": "ads2_m6_a1_1", "user_id": "Pranav Surampudi", "score": {"sample": {"0": {"execution_time": 0.32138729095458984, "passed": false}, "1": {"execution_time": 0.352036714553833, "passed": false}, "2": {"execution_time": 0.2677154541015625, "passed": false}, "3": {"execution_time": 0.30515599250793457, "passed": false}, "4": {"execution_time": 0.35344457626342773, "passed": false}, "5": {"execution_time": 0.3196985721588135, "passed": true}, "6": {"execution_time": 0.26430416107177734, "passed": true}, "7": {"execution_time": 0.2707183361053467, "passed": false}, "8": {"execution_time": 0.334484338760376, "passed": true}, "9": {"execution_time": 0.31269288063049316, "passed": false}, "10": {"execution_time": 0.2562549114227295, "passed": true}, "11": {"execution_time": 0.29141974449157715, "passed": false}}}, "check_style_score": "0/1"}