{"version": "1", "message": "ERROR: Hidden Testcases server unreachable.", "problem_id": "ads2_m6_a1_1", "user_id": "Pranav Surampudi", "score": {"sample": {"0": {"execution_time": 0.23454666137695312, "passed": false}, "1": {"execution_time": 0.22701096534729004, "passed": false}, "2": {"execution_time": 0.22973895072937012, "passed": false}, "3": {"execution_time": 0.23172307014465332, "passed": false}, "4": {"execution_time": 0.23389077186584473, "passed": false}, "5": {"execution_time": 0.22682833671569824, "passed": false}, "6": {"execution_time": 0.23500323295593262, "passed": true}, "7": {"execution_time": 0.23577666282653809, "passed": false}, "8": {"execution_time": 0.24072623252868652, "passed": true}, "9": {"execution_time": 0.26091790199279785, "passed": false}, "10": {"execution_time": 0.3153846263885498, "passed": true}, "11": {"execution_time": 0.23022007942199707, "passed": false}}}, "check_style_score": "0/1"}