{"version": "1", "message": "ERROR: Hidden Testcases server unreachable.", "problem_id": "ads2_m6_a1_1", "user_id": "Pranav Surampudi", "score": {"sample": {"0": {"execution_time": 0.229386568069458, "passed": false}, "1": {"execution_time": 0.21553826332092285, "passed": false}, "2": {"execution_time": 0.21422719955444336, "passed": false}, "3": {"execution_time": 0.2297077178955078, "passed": false}, "4": {"execution_time": 0.21725797653198242, "passed": true}, "5": {"execution_time": 0.23576760292053223, "passed": false}, "6": {"execution_time": 0.22210216522216797, "passed": true}, "7": {"execution_time": 0.22203826904296875, "passed": false}, "8": {"execution_time": 0.21817350387573242, "passed": true}, "9": {"execution_time": 0.2215290069580078, "passed": true}, "10": {"execution_time": 0.20377492904663086, "passed": true}, "11": {"execution_time": 0.23212051391601562, "passed": false}}}, "check_style_score": "0/1"}