{"version": "1", "message": "ERROR: Hidden Testcases server unreachable.", "problem_id": "ads2_m6_a1_1", "user_id": "Pranav Surampudi", "score": {"sample": {"0": {"execution_time": 0.32454705238342285, "passed": false}, "1": {"execution_time": 0.3700520992279053, "passed": false}, "2": {"execution_time": 0.28971147537231445, "passed": false}, "3": {"execution_time": 0.3196094036102295, "passed": false}, "4": {"execution_time": 0.3078339099884033, "passed": true}, "5": {"execution_time": 0.4430265426635742, "passed": false}, "6": {"execution_time": 0.2928962707519531, "passed": true}, "7": {"execution_time": 0.30770206451416016, "passed": false}, "8": {"execution_time": 0.3052332401275635, "passed": true}, "9": {"execution_time": 0.39513731002807617, "passed": true}, "10": {"execution_time": 0.29262542724609375, "passed": true}, "11": {"execution_time": 0.37189674377441406, "passed": false}}}, "check_style_score": "0/1"}